"entity_id","state","domain"
"sensor.grafana_cpu_percent","unavailable","sensor"
"sensor.grafana_memory_percent","unavailable","sensor"
"sensor.vlc_cpu_percent","unavailable","sensor"
"sensor.vlc_memory_percent","unavailable","sensor"
"sensor.motioneye_cpu_percent","unavailable","sensor"
"sensor.motioneye_memory_percent","unavailable","sensor"
"sensor.studio_code_server_cpu_percent","unavailable","sensor"
"sensor.studio_code_server_memory_percent","unavailable","sensor"
"sensor.sharptools_io_cpu_percent","unavailable","sensor"
"sensor.sharptools_io_memory_percent","unavailable","sensor"
"sensor.frigate_full_access_cpu_percent","unavailable","sensor"
"sensor.frigate_full_access_memory_percent","unavailable","sensor"
"sensor.influxdb_cpu_percent","unavailable","sensor"
"sensor.influxdb_memory_percent","unavailable","sensor"
"sensor.node_red_cpu_percent","unavailable","sensor"
"sensor.node_red_memory_percent","unavailable","sensor"
"media_player.left_homepod","unavailable","media_player"
"switch.homepod","unavailable","switch"
"sensor.fire_tab_next_alarm","unavailable","sensor"
"sensor.fire_tab_media_session","unavailable","sensor"
"sensor.next_launch_next_starship_event","unavailable","sensor"
"media_player.tv_lounge_tv","unavailable","media_player"
"media_player.tv_bedroom_tv","unavailable","media_player"
"number.wiz_rgbw_tunable_2606be_effect_speed","unavailable","number"
"number.wiz_rgbw_tunable_2609a6_effect_speed","unavailable","number"
"number.wiz_rgbw_tunable_ae6b50_effect_speed","unavailable","number"
"light.was_dining_light","unavailable","light"
"light.master_bedroom","unavailable","light"
"light.spare_room","unavailable","light"
"switch.sonos_beam_shuffle_switch","unavailable","switch"
"switch.sonos_beam_repeat_switch","unavailable","switch"
"switch.kitchen_alexa_shuffle_switch","unavailable","switch"
"switch.kitchen_alexa_repeat_switch","unavailable","switch"
"switch.lounge_alexa_shuffle_switch","unavailable","switch"
"switch.lounge_alexa_repeat_switch","unavailable","switch"
"switch.teddy_shuffle_switch","unavailable","switch"
"switch.teddy_repeat_switch","unavailable","switch"
"switch.bedroom_do_not_disturb_switch","unavailable","switch"
"switch.bedroom_shuffle_switch","unavailable","switch"
"switch.bedroom_repeat_switch","unavailable","switch"
"switch.lounge_do_not_disturb_switch","unavailable","switch"
"switch.lounge_shuffle_switch","unavailable","switch"
"switch.lounge_repeat_switch","unavailable","switch"
"media_player.vlc_telnet","unavailable","media_player"
"sensor.bedroom_next_alarm","unavailable","sensor"
"sensor.bedroom_next_timer","unavailable","sensor"
"sensor.bedroom_next_reminder","unavailable","sensor"
"sensor.lounge_next_alarm","unavailable","sensor"
"sensor.lounge_next_timer","unavailable","sensor"
"sensor.lounge_next_reminder","unavailable","sensor"
"automation.track_gpt_requests","unavailable","automation"
"automation.smart_dashboard_optimization_reminder","unavailable","automation"
"media_player.bedroom_2","unavailable","media_player"
"media_player.lounge_2","unavailable","media_player"
"binary_sensor.motion_sensor_motion","unavailable","binary_sensor"
"binary_sensor.teddy_contact_sensor_door_2","unavailable","binary_sensor"
"binary_sensor.tapo_camera_motion","unavailable","binary_sensor"
"binary_sensor.front_door_motion","unavailable","binary_sensor"
"binary_sensor.lounge_contact_sensor_door_2","unavailable","binary_sensor"
"binary_sensor.side_motion","unavailable","binary_sensor"
"binary_sensor.front_door_motion_2","unavailable","binary_sensor"
"binary_sensor.kitchen_window_contact_sensor_door","unavailable","binary_sensor"
"light.bedroom_lamp_2","unavailable","light"
"light.loo_3","unavailable","light"
"light.master_bedroom_2","unavailable","light"
"light.gold_lamp","unavailable","light"
"light.tapo_smart_bulb","unavailable","light"
"light.spare_room_2","unavailable","light"
"media_player.bedroom_tv","unavailable","media_player"
"media_player.lounge_tv","unavailable","media_player"
"sensor.bedroom_tv_tv_channel","unavailable","sensor"
"sensor.bedroom_tv_tv_channel_name","unavailable","sensor"
"sensor.front_door_battery_2","unavailable","sensor"
"sensor.tapo_smart_hub_alarm","unavailable","sensor"
"sensor.lounge_tv_tv_channel","unavailable","sensor"
"sensor.lounge_tv_tv_channel_name","unavailable","sensor"
"sensor.temperature_and_humidity_sensor_egg_battery_2","unavailable","sensor"
"sensor.temperature_and_humidity_sensor_egg_humidity_2","unavailable","sensor"
"sensor.temperature_and_humidity_sensor_egg_temperature_2","unavailable","sensor"
"sensor.side_battery","unavailable","sensor"
"sensor.front_door_battery_3","unavailable","sensor"
"light.bedroom_2","unavailable","light"
"scene.lounge_read","unavailable","scene"
"scene.lounge_energise","unavailable","scene"
"scene.lounge_concentrate","unavailable","scene"
"scene.lounge_relax","unavailable","scene"
"scene.lounge_nightlight","unavailable","scene"
"switch.automation_bedroom_switch","unavailable","switch"
"switch.automation_hall_sensor","unavailable","switch"
"switch.automation_teddy_switch","unavailable","switch"
"switch.automation_lounge_hue_dimmer_switch","unavailable","switch"
"script.dashboard_builder","unavailable","script"
"script.dashboard_tweaker","unavailable","script"
"script.entity_fixer","unavailable","script"
"script.ask_ai","unavailable","script"
"script.admin_ai_tools","unavailable","script"
"sensor.tapo_c120_signal_strength","unavailable","sensor"
"sensor.tapo_c120_signal_level","unavailable","sensor"
"sensor.tapo_c120_device_time","unavailable","sensor"
"switch.tapo_c120_baby_cry_detection","unavailable","switch"
"switch.tapo_c120","unavailable","switch"
"switch.tapo_c120_led","unavailable","switch"
"switch.tapo_c120_motion_detection","unavailable","switch"
"switch.tapo_c120_person_detection","unavailable","switch"
"binary_sensor.bangbangbangoo7","unavailable","binary_sensor"
"binary_sensor.bangbangbangoo7_in_party","unavailable","binary_sensor"
"binary_sensor.bangbangbangoo7_in_game","unavailable","binary_sensor"
"binary_sensor.bangbangbangoo7_in_multiplayer","unavailable","binary_sensor"
"sensor.bangbangbangoo7_status","unavailable","sensor"
"sensor.bangbangbangoo7_gamer_score","unavailable","sensor"
"sensor.bangbangbangoo7_account_tier","unavailable","sensor"
"sensor.bangbangbangoo7_gold_tenure","unavailable","sensor"
"script.revoke_user_access","unavailable","script"
"script.enable_all_dashboards","unavailable","script"
"sensor.system_monitor_network_in_enp0s3","unavailable","sensor"
"sensor.system_monitor_network_out_enp0s3","unavailable","sensor"
"script.script","unavailable","script"
"light.wiz_rgbw_tunable_80cca2","unavailable","light"
"sensor.wiz_rgbw_tunable_80cca2_signal_strength","unavailable","sensor"
"sensor.wiz_rgbw_tunable_80cca2_power","unavailable","sensor"
"script.fields","unavailable","script"
"device_tracker.tv_lounge_tv_ad07","unavailable","device_tracker"
"sensor.tv_lounge_tv_ad07_signal_strength","unavailable","sensor"
"sensor.tv_lounge_tv_ad07_power","unavailable","sensor"
"sensor.tv_lounge_tv_ad07_estimated_distance","unavailable","sensor"
"sensor.tv_lounge_tv_ad07_vendor","unavailable","sensor"
"scene.bedroom_rest","unavailable","scene"
"scene.bedroom_read","unavailable","scene"
"scene.bedroom_energise","unavailable","scene"
"scene.bedroom_bright_2","unavailable","scene"
"scene.bedroom_nightlight_2","unavailable","scene"
"scene.bedroom_bright_2_2","unavailable","scene"
"scene.bedroom_relax_2","unavailable","scene"
"scene.bedroom_concentrate","unavailable","scene"
"scene.bedroom_cool_bright","unavailable","scene"
"scene.bedroom_dimmed_2","unavailable","scene"
"sensor.browser_mod_0580196b_0694cb94_browser_path","unavailable","sensor"
"sensor.browser_mod_0580196b_0694cb94_browser_visibility","unavailable","sensor"
"sensor.browser_mod_0580196b_0694cb94_browser_useragent","unavailable","sensor"
"sensor.browser_mod_0580196b_0694cb94_browser_user","unavailable","sensor"
"binary_sensor.browser_mod_0580196b_0694cb94_browser_fullykiosk","unavailable","binary_sensor"
"sensor.browser_mod_0580196b_0694cb94_browser_width","unavailable","sensor"
"sensor.browser_mod_0580196b_0694cb94_browser_height","unavailable","sensor"
"binary_sensor.browser_mod_0580196b_0694cb94_browser_dark_mode","unavailable","binary_sensor"
"binary_sensor.browser_mod_0580196b_0694cb94","unavailable","binary_sensor"
"light.browser_mod_0580196b_0694cb94_screen","unavailable","light"
"media_player.browser_mod_0580196b_0694cb94","unavailable","media_player"
"media_player.fire_tv_192_168_1_183","unavailable","media_player"
"remote.fire_tv_192_168_1_183","unavailable","remote"
"remote.fire_tv_192_168_1_247","unavailable","remote"
"remote.fire_tv_192_168_1_161","unavailable","remote"
"media_player.bedroom_firestick","unavailable","media_player"
"media_player.fire_hd8_kodi","unavailable","media_player"
"automation.run_kodi_ai_when_prompt_is_updated","unavailable","automation"
"sensor.entity_watchdog_last_run","unavailable","sensor"
"sensor.gpt_summary_preview","unavailable","sensor"
"script.data","unavailable","script"
"automation.git_sync_failure_alert","unavailable","automation"
"sensor.browser_mod_471c0d04_7fce5c65_browser_path","unavailable","sensor"
"sensor.browser_mod_471c0d04_7fce5c65_browser_visibility","unavailable","sensor"
"sensor.browser_mod_471c0d04_7fce5c65_browser_useragent","unavailable","sensor"
"sensor.browser_mod_471c0d04_7fce5c65_browser_user","unavailable","sensor"
"binary_sensor.browser_mod_471c0d04_7fce5c65_browser_fullykiosk","unavailable","binary_sensor"
"sensor.browser_mod_471c0d04_7fce5c65_browser_width","unavailable","sensor"
"sensor.browser_mod_471c0d04_7fce5c65_browser_height","unavailable","sensor"
"binary_sensor.browser_mod_471c0d04_7fce5c65_browser_dark_mode","unavailable","binary_sensor"
"binary_sensor.browser_mod_471c0d04_7fce5c65","unavailable","binary_sensor"
"light.browser_mod_471c0d04_7fce5c65_screen","unavailable","light"
"media_player.browser_mod_471c0d04_7fce5c65","unavailable","media_player"
"automation.save_latest_email_content_to_files","unavailable","automation"
"automation.notify_if_git_sync_stale_2","unavailable","automation"
"automation.run_yaml_validation_log_result","unavailable","automation"
"sensor.system_monitor_disk_free_media_fire_nas_share","unavailable","sensor"
"sensor.system_monitor_disk_usage_share_fire_brain_share","unavailable","sensor"
"device_tracker.s8f98a7e80f726accc_2708","unavailable","device_tracker"
"sensor.s8f98a7e80f726accc_2708_signal_strength","unavailable","sensor"
"sensor.s8f98a7e80f726accc_2708_power","unavailable","sensor"
"sensor.s8f98a7e80f726accc_2708_estimated_distance","unavailable","sensor"
"sensor.s8f98a7e80f726accc_2708_vendor","unavailable","sensor"
"sensor.browser_mod_fc60050e_6202af53_browser_path","unavailable","sensor"
"sensor.browser_mod_fc60050e_6202af53_browser_visibility","unavailable","sensor"
"sensor.browser_mod_fc60050e_6202af53_browser_useragent","unavailable","sensor"
"sensor.browser_mod_fc60050e_6202af53_browser_user","unavailable","sensor"
"binary_sensor.browser_mod_fc60050e_6202af53_browser_fullykiosk","unavailable","binary_sensor"
"sensor.browser_mod_fc60050e_6202af53_browser_width","unavailable","sensor"
"sensor.browser_mod_fc60050e_6202af53_browser_height","unavailable","sensor"
"binary_sensor.browser_mod_fc60050e_6202af53_browser_dark_mode","unavailable","binary_sensor"
"binary_sensor.browser_mod_fc60050e_6202af53","unavailable","binary_sensor"
"light.browser_mod_fc60050e_6202af53_screen","unavailable","light"
"media_player.browser_mod_fc60050e_6202af53","unavailable","media_player"
"sensor.browser_mod_f2641f95_ef3401c1_browser_path","unavailable","sensor"
"sensor.browser_mod_f2641f95_ef3401c1_browser_visibility","unavailable","sensor"
"sensor.browser_mod_f2641f95_ef3401c1_browser_useragent","unavailable","sensor"
"sensor.browser_mod_f2641f95_ef3401c1_browser_user","unavailable","sensor"
"binary_sensor.browser_mod_f2641f95_ef3401c1_browser_fullykiosk","unavailable","binary_sensor"
"sensor.browser_mod_f2641f95_ef3401c1_browser_width","unavailable","sensor"
"sensor.browser_mod_f2641f95_ef3401c1_browser_height","unavailable","sensor"
"binary_sensor.browser_mod_f2641f95_ef3401c1_browser_dark_mode","unavailable","binary_sensor"
"binary_sensor.browser_mod_f2641f95_ef3401c1","unavailable","binary_sensor"
"light.browser_mod_f2641f95_ef3401c1_screen","unavailable","light"
"media_player.browser_mod_f2641f95_ef3401c1","unavailable","media_player"
"sensor.browser_mod_924d9fc2_8c9cd653_browser_path","unavailable","sensor"
"sensor.browser_mod_924d9fc2_8c9cd653_browser_visibility","unavailable","sensor"
"sensor.browser_mod_924d9fc2_8c9cd653_browser_useragent","unavailable","sensor"
"sensor.browser_mod_924d9fc2_8c9cd653_browser_user","unavailable","sensor"
"binary_sensor.browser_mod_924d9fc2_8c9cd653_browser_fullykiosk","unavailable","binary_sensor"
"sensor.browser_mod_924d9fc2_8c9cd653_browser_width","unavailable","sensor"
"sensor.browser_mod_924d9fc2_8c9cd653_browser_height","unavailable","sensor"
"binary_sensor.browser_mod_924d9fc2_8c9cd653_browser_dark_mode","unavailable","binary_sensor"
"binary_sensor.browser_mod_924d9fc2_8c9cd653","unavailable","binary_sensor"
"light.browser_mod_924d9fc2_8c9cd653_screen","unavailable","light"
"media_player.browser_mod_924d9fc2_8c9cd653","unavailable","media_player"
"sensor.browser_mod_924d9fc2_8c9cd653_panel","unavailable","sensor"
"sensor.browser_mod_cbe4deda_be80f0e0_browser_path","unavailable","sensor"
"sensor.browser_mod_cbe4deda_be80f0e0_browser_visibility","unavailable","sensor"
"sensor.browser_mod_cbe4deda_be80f0e0_browser_useragent","unavailable","sensor"
"sensor.browser_mod_cbe4deda_be80f0e0_browser_user","unavailable","sensor"
"binary_sensor.browser_mod_cbe4deda_be80f0e0_browser_fullykiosk","unavailable","binary_sensor"
"sensor.browser_mod_cbe4deda_be80f0e0_browser_width","unavailable","sensor"
"sensor.browser_mod_cbe4deda_be80f0e0_browser_height","unavailable","sensor"
"binary_sensor.browser_mod_cbe4deda_be80f0e0_browser_dark_mode","unavailable","binary_sensor"
"binary_sensor.browser_mod_cbe4deda_be80f0e0","unavailable","binary_sensor"
"light.browser_mod_cbe4deda_be80f0e0_screen","unavailable","light"
"media_player.browser_mod_cbe4deda_be80f0e0","unavailable","media_player"
"sensor.browser_mod_cbe4deda_be80f0e0_panel","unavailable","sensor"
"sensor.browser_mod_14f4c485_6b30afe3_browser_path","unavailable","sensor"
"sensor.browser_mod_14f4c485_6b30afe3_browser_visibility","unavailable","sensor"
"sensor.browser_mod_14f4c485_6b30afe3_browser_useragent","unavailable","sensor"
"sensor.browser_mod_14f4c485_6b30afe3_browser_user","unavailable","sensor"
"binary_sensor.browser_mod_14f4c485_6b30afe3_browser_fullykiosk","unavailable","binary_sensor"
"sensor.browser_mod_14f4c485_6b30afe3_browser_width","unavailable","sensor"
"sensor.browser_mod_14f4c485_6b30afe3_browser_height","unavailable","sensor"
"binary_sensor.browser_mod_14f4c485_6b30afe3_browser_dark_mode","unavailable","binary_sensor"
"binary_sensor.browser_mod_14f4c485_6b30afe3","unavailable","binary_sensor"
"light.browser_mod_14f4c485_6b30afe3_screen","unavailable","light"
"media_player.browser_mod_14f4c485_6b30afe3","unavailable","media_player"
"sensor.browser_mod_14f4c485_6b30afe3_panel","unavailable","sensor"
"sensor.browser_mod_0633da02_5e5fb063_browser_path","unavailable","sensor"
"sensor.browser_mod_0633da02_5e5fb063_browser_visibility","unavailable","sensor"
"sensor.browser_mod_0633da02_5e5fb063_browser_useragent","unavailable","sensor"
"sensor.browser_mod_0633da02_5e5fb063_browser_user","unavailable","sensor"
"binary_sensor.browser_mod_0633da02_5e5fb063_browser_fullykiosk","unavailable","binary_sensor"
"sensor.browser_mod_0633da02_5e5fb063_browser_width","unavailable","sensor"
"sensor.browser_mod_0633da02_5e5fb063_browser_height","unavailable","sensor"
"binary_sensor.browser_mod_0633da02_5e5fb063_browser_dark_mode","unavailable","binary_sensor"
"binary_sensor.browser_mod_0633da02_5e5fb063","unavailable","binary_sensor"
"light.browser_mod_0633da02_5e5fb063_screen","unavailable","light"
"media_player.browser_mod_0633da02_5e5fb063","unavailable","media_player"
"sensor.browser_mod_0633da02_5e5fb063_panel","unavailable","sensor"
"sensor.firehd8_browser_path","unavailable","sensor"
"sensor.firehd8_browser_visibility","unavailable","sensor"
"sensor.firehd8_browser_useragent","unavailable","sensor"
"sensor.firehd8_browser_user","unavailable","sensor"
"binary_sensor.firehd8_browser_fullykiosk","unavailable","binary_sensor"
"sensor.firehd8_browser_width","unavailable","sensor"
"sensor.firehd8_browser_height","unavailable","sensor"
"binary_sensor.firehd8_browser_dark_mode","unavailable","binary_sensor"
"binary_sensor.firehd8","unavailable","binary_sensor"
"light.firehd8_screen","unavailable","light"
"media_player.firehd8","unavailable","media_player"
"sensor.firehd8_panel","unavailable","sensor"
"sensor.firehd8_browser_battery","unavailable","sensor"
"binary_sensor.firehd8_browser_charging","unavailable","binary_sensor"
"automation.sync_orphaned_files_to_recovery","unavailable","automation"
"camera.tapo_c120_hd_stream","unavailable","camera"
"button.tapo_c120_reboot","unavailable","button"
"button.tapo_c120_format_sd_card","unavailable","button"
"button.tapo_c120_manual_alarm_start","unavailable","button"
"button.tapo_c120_manual_alarm_stop","unavailable","button"
"button.tapo_c120_sync_time","unavailable","button"
"number.tapo_c120_motion_detection_digital_sensitivity","unavailable","number"
"number.tapo_c120_microphone_volume","unavailable","number"
"number.tapo_c120_speaker_volume","unavailable","number"
"number.tapo_c120_siren_volume","unavailable","number"
"number.tapo_c120_siren_duration","unavailable","number"
"number.tapo_c120_spotlight_intensity","unavailable","number"
"select.tapo_c120_timezone","unavailable","select"
"select.tapo_c120_night_vision_switching","unavailable","select"
"select.tapo_c120_night_vision","unavailable","select"
"select.tapo_c120_light_frequency","unavailable","select"
"select.tapo_c120_automatic_alarm","unavailable","select"
"select.tapo_c120_siren_type","unavailable","select"
"select.tapo_c120_motion_detection","unavailable","select"
"select.tapo_c120_person_detection","unavailable","select"
"select.tapo_c120_vehicle_detection","unavailable","select"
"select.tapo_c120_baby_cry_detection","unavailable","select"
"select.tapo_c120_pet_detection","unavailable","select"
"select.tapo_c120_bark_detection","unavailable","select"
"select.tapo_c120_meow_detection","unavailable","select"
"select.tapo_c120_glass_break_detection","unavailable","select"
"select.tapo_c120_spotlight_on_off_for","unavailable","select"
"siren.tapo_c120_siren","unavailable","siren"
"update.tapo_c120_update","unavailable","update"
"binary_sensor.tapo_c120_noise","unavailable","binary_sensor"
"sensor.tapo_c120_network_ssid","unavailable","sensor"
"sensor.tapo_c120_link_type","unavailable","sensor"
"sensor.tapo_c120_rssi","unavailable","sensor"
"sensor.tapo_c120_disk_1_disk_name","unavailable","sensor"
"sensor.tapo_c120_disk_1_rw_attr","unavailable","sensor"
"sensor.tapo_c120_disk_1_status","unavailable","sensor"
"sensor.tapo_c120_disk_1_detect_status","unavailable","sensor"
"sensor.tapo_c120_disk_1_write_protect","unavailable","sensor"
"sensor.tapo_c120_disk_1_percent","unavailable","sensor"
"sensor.tapo_c120_disk_1_type","unavailable","sensor"
"sensor.tapo_c120_disk_1_record_duration","unavailable","sensor"
"sensor.tapo_c120_disk_1_record_free_duration","unavailable","sensor"
"sensor.tapo_c120_disk_1_record_start_time","unavailable","sensor"
"sensor.tapo_c120_disk_1_loop_record_status","unavailable","sensor"
"sensor.tapo_c120_disk_1_total_space","unavailable","sensor"
"sensor.tapo_c120_disk_1_total_space_accurate","unavailable","sensor"
"sensor.tapo_c120_disk_1_free_space","unavailable","sensor"
"sensor.tapo_c120_disk_1_free_space_accurate","unavailable","sensor"
"sensor.tapo_c120_disk_1_video_total_space","unavailable","sensor"
"sensor.tapo_c120_disk_1_video_total_space_accurate","unavailable","sensor"
"sensor.tapo_c120_disk_1_video_free_space","unavailable","sensor"
"sensor.tapo_c120_disk_1_video_free_space_accurate","unavailable","sensor"
"sensor.tapo_c120_disk_1_picture_total_space","unavailable","sensor"
"sensor.tapo_c120_disk_1_picture_total_space_accurate","unavailable","sensor"
"sensor.tapo_c120_disk_1_picture_free_space","unavailable","sensor"
"sensor.tapo_c120_disk_1_picture_free_space_accurate","unavailable","sensor"
"sensor.tapo_c120_disk_1_crossline_total_space","unavailable","sensor"
"sensor.tapo_c120_disk_1_crossline_total_space_accurate","unavailable","sensor"
"sensor.tapo_c120_disk_1_crossline_free_space","unavailable","sensor"
"sensor.tapo_c120_disk_1_crossline_free_space_accurate","unavailable","sensor"
"sensor.tapo_c120_disk_1_msg_push_total_space","unavailable","sensor"
"sensor.tapo_c120_disk_1_msg_push_total_space_accurate","unavailable","sensor"
"sensor.tapo_c120_disk_1_msg_push_free_space","unavailable","sensor"
"sensor.tapo_c120_disk_1_msg_push_free_space_accurate","unavailable","sensor"
"sensor.tapo_c120_recordings_synchronization","unavailable","sensor"
"switch.tapo_c120_privacy","unavailable","switch"
"switch.tapo_c120_trigger_alarm_on_people_detection","unavailable","switch"
"switch.tapo_c120_trigger_alarm_on_vehicle_detection","unavailable","switch"
"switch.tapo_c120_trigger_alarm_on_pet_detection","unavailable","switch"
"switch.tapo_c120_trigger_alarm_on_sound_detection","unavailable","switch"
"switch.tapo_c120_trigger_alarm_on_bark_detection","unavailable","switch"
"switch.tapo_c120_trigger_alarm_on_meow_detection","unavailable","switch"
"switch.tapo_c120_trigger_alarm_on_glass_detection","unavailable","switch"
"switch.tapo_c120_trigger_alarm_on_motion_detection","unavailable","switch"
"switch.tapo_c120_trigger_alarm_on_linecrossing_detection","unavailable","switch"
"switch.tapo_c120_media_sync","unavailable","switch"
"switch.tapo_c120_lens_distortion_correction","unavailable","switch"
"switch.tapo_c120_indicator_led","unavailable","switch"
"switch.tapo_c120_record_audio","unavailable","switch"
"switch.tapo_c120_diagnose_mode","unavailable","switch"
"switch.tapo_c120_privacy_zones","unavailable","switch"
"switch.tapo_c120_flip","unavailable","switch"
"switch.tapo_c120_notifications","unavailable","switch"
"switch.tapo_c120_rich_notifications","unavailable","switch"
"switch.tapo_c120_automatically_upgrade_firmware","unavailable","switch"
"switch.tapo_c120_record_to_sd_card","unavailable","switch"
"switch.tapo_c120_microphone_mute","unavailable","switch"
"switch.tapo_c120_microphone_noise_cancellation","unavailable","switch"
"light.tapo_c120_floodlight_timed","unavailable","light"
"binary_sensor.tapo_c120_cell_motion_detection","unavailable","binary_sensor"
"binary_sensor.tapo_c120_motion_alarm","unavailable","binary_sensor"
"binary_sensor.tapo_c120_person_detection","unavailable","binary_sensor"
"sensor.browser_mod_0580196b_0694cb94_panel","unavailable","sensor"
"sensor.browser_mod_a4f8a6b4_d1066dda_browser_path","unavailable","sensor"
"sensor.browser_mod_a4f8a6b4_d1066dda_browser_visibility","unavailable","sensor"
"sensor.browser_mod_a4f8a6b4_d1066dda_browser_useragent","unavailable","sensor"
"sensor.browser_mod_a4f8a6b4_d1066dda_browser_user","unavailable","sensor"
"binary_sensor.browser_mod_a4f8a6b4_d1066dda_browser_fullykiosk","unavailable","binary_sensor"
"sensor.browser_mod_a4f8a6b4_d1066dda_browser_width","unavailable","sensor"
"sensor.browser_mod_a4f8a6b4_d1066dda_browser_height","unavailable","sensor"
"binary_sensor.browser_mod_a4f8a6b4_d1066dda_browser_dark_mode","unavailable","binary_sensor"
"binary_sensor.browser_mod_a4f8a6b4_d1066dda","unavailable","binary_sensor"
"light.browser_mod_a4f8a6b4_d1066dda_screen","unavailable","light"
"media_player.browser_mod_a4f8a6b4_d1066dda","unavailable","media_player"
"sensor.browser_mod_a4f8a6b4_d1066dda_panel","unavailable","sensor"
"sensor.jd_pc_browser_path","unavailable","sensor"
"sensor.jd_pc_browser_visibility","unavailable","sensor"
"sensor.jd_pc_browser_useragent","unavailable","sensor"
"sensor.jd_pc_browser_user","unavailable","sensor"
"binary_sensor.jd_pc_browser_fullykiosk","unavailable","binary_sensor"
"sensor.jd_pc_browser_width","unavailable","sensor"
"sensor.jd_pc_browser_height","unavailable","sensor"
"binary_sensor.jd_pc_browser_dark_mode","unavailable","binary_sensor"
"binary_sensor.jd_pc","unavailable","binary_sensor"
"light.jd_pc_screen","unavailable","light"
"media_player.jd_pc","unavailable","media_player"
"sensor.jd_pc_panel","unavailable","sensor"
"sensor.browser_mod_990a1dc4_052f0232_browser_path","unavailable","sensor"
"sensor.browser_mod_990a1dc4_052f0232_browser_visibility","unavailable","sensor"
"sensor.browser_mod_990a1dc4_052f0232_browser_useragent","unavailable","sensor"
"sensor.browser_mod_990a1dc4_052f0232_browser_user","unavailable","sensor"
"binary_sensor.browser_mod_990a1dc4_052f0232_browser_fullykiosk","unavailable","binary_sensor"
"sensor.browser_mod_990a1dc4_052f0232_browser_width","unavailable","sensor"
"sensor.browser_mod_990a1dc4_052f0232_browser_height","unavailable","sensor"
"binary_sensor.browser_mod_990a1dc4_052f0232_browser_dark_mode","unavailable","binary_sensor"
"binary_sensor.browser_mod_990a1dc4_052f0232","unavailable","binary_sensor"
"light.browser_mod_990a1dc4_052f0232_screen","unavailable","light"
"media_player.browser_mod_990a1dc4_052f0232","unavailable","media_player"
"sensor.browser_mod_990a1dc4_052f0232_panel","unavailable","sensor"
"sensor.browser_mod_f406fba4_71c0956f_browser_path","unavailable","sensor"
"sensor.browser_mod_f406fba4_71c0956f_browser_visibility","unavailable","sensor"
"sensor.browser_mod_f406fba4_71c0956f_browser_useragent","unavailable","sensor"
"sensor.browser_mod_f406fba4_71c0956f_browser_user","unavailable","sensor"
"binary_sensor.browser_mod_f406fba4_71c0956f_browser_fullykiosk","unavailable","binary_sensor"
"sensor.browser_mod_f406fba4_71c0956f_browser_width","unavailable","sensor"
"sensor.browser_mod_f406fba4_71c0956f_browser_height","unavailable","sensor"
"binary_sensor.browser_mod_f406fba4_71c0956f_browser_dark_mode","unavailable","binary_sensor"
"binary_sensor.browser_mod_f406fba4_71c0956f","unavailable","binary_sensor"
"light.browser_mod_f406fba4_71c0956f_screen","unavailable","light"
"media_player.browser_mod_f406fba4_71c0956f","unavailable","media_player"
"sensor.browser_mod_f406fba4_71c0956f_panel","unavailable","sensor"
"automation.add_task_from_dashboard","unavailable","automation"
"automation.log_esp_restart_reason","unavailable","automation"
"automation.send_gpt_prompt_from_direct_input","unavailable","automation"
"automation.run_yaml_validation_log_result_2","unavailable","automation"
"automation.add_to_do_via_dashboard","unavailable","automation"
"automation.save_latest_email_content_to_files_2","unavailable","automation"
"automation.alert_if_wsl_restart_marker_missing","unavailable","automation"
"automation.ensure_gpt_status_file_permissions","unavailable","automation"
"automation.enable_entities_dashboard","unavailable","automation"
"automation.disable_entities_dashboard","unavailable","automation"
"automation.re_ask_chatgpt","unavailable","automation"
"automation.notify_system_update_available","unavailable","automation"
"automation.backup_success_reminder","unavailable","automation"
"automation.notify_of_stale_updates","unavailable","automation"
"automation.notify_backup_created","unavailable","automation"
"automation.run_gpt_when_prompt_changes","unavailable","automation"
"automation.announce_gpt_reply","unavailable","automation"
"automation.push_gpt_reply_to_mobile","unavailable","automation"
"automation.remind_vpn_on_for_streaming","unavailable","automation"
"automation.auto_bedtime_scene","unavailable","automation"
"automation.kitchen_blinds_open_morning_gradual","unavailable","automation"
"automation.kitchen_blinds_close_evening_gradual","unavailable","automation"
"automation.kitchen_window_open_alert","unavailable","automation"
"automation.alexa_kitchen_afternoon_greeting","unavailable","automation"
"automation.gpt_conversational_text_trigger_shell","unavailable","automation"
"automation.run_nas_script_from_chatgpt_prompt","unavailable","automation"
"automation.mark_gpt_as_sent","unavailable","automation"
"automation.admin_gpt_mark_as_sent","unavailable","automation"
"automation.admin_gpt_reply_complete","unavailable","automation"
"automation.gpt_conversational_text_trigger","unavailable","automation"
"automation.alert_if_jit_plugin_goes_offline","unavailable","automation"
"automation.alert_if_wsl_restart_marker_missing_2","unavailable","automation"
"automation.disable_noisy_entity_logging","unavailable","automation"
"automation.send_home_assistant_startup_report","unavailable","automation"
"automation.react_to_gpt_context_change","unavailable","automation"
"automation.reload_automations_after_startup","unavailable","automation"
"automation.log_gpt_context_change","unavailable","automation"
"input_boolean.bathroom_manual_override","unavailable","input_boolean"
"input_boolean.kitchen_manual_override","unavailable","input_boolean"
"automation.kitchen_light_off","unavailable","automation"
"automation.kitchen_manual_off","unavailable","automation"
"sensor.browser_mod_9b3fa7c9_da3bf8cf_browser_path","unavailable","sensor"
"sensor.browser_mod_9b3fa7c9_da3bf8cf_browser_visibility","unavailable","sensor"
"sensor.browser_mod_9b3fa7c9_da3bf8cf_browser_useragent","unavailable","sensor"
"sensor.browser_mod_9b3fa7c9_da3bf8cf_browser_user","unavailable","sensor"
"binary_sensor.browser_mod_9b3fa7c9_da3bf8cf_browser_fullykiosk","unavailable","binary_sensor"
"sensor.browser_mod_9b3fa7c9_da3bf8cf_browser_width","unavailable","sensor"
"sensor.browser_mod_9b3fa7c9_da3bf8cf_browser_height","unavailable","sensor"
"binary_sensor.browser_mod_9b3fa7c9_da3bf8cf_browser_dark_mode","unavailable","binary_sensor"
"binary_sensor.browser_mod_9b3fa7c9_da3bf8cf","unavailable","binary_sensor"
"light.browser_mod_9b3fa7c9_da3bf8cf_screen","unavailable","light"
"media_player.browser_mod_9b3fa7c9_da3bf8cf","unavailable","media_player"
"sensor.browser_mod_9b3fa7c9_da3bf8cf_panel","unavailable","sensor"
"automation.flight_alert_takeoff_or_landing","unavailable","automation"
"automation.door_open_alexa_lounge_weather_advisory","unavailable","automation"
"sensor.browser_mod_471c0d04_7fce5c65_panel","unavailable","sensor"
"sensor.cast_browser_path","unavailable","sensor"
"sensor.cast_browser_visibility","unavailable","sensor"
"sensor.cast_browser_useragent","unavailable","sensor"
"sensor.cast_browser_user","unavailable","sensor"
"binary_sensor.cast_browser_fullykiosk","unavailable","binary_sensor"
"sensor.cast_browser_width","unavailable","sensor"
"sensor.cast_browser_height","unavailable","sensor"
"binary_sensor.cast_browser_dark_mode","unavailable","binary_sensor"
"binary_sensor.cast","unavailable","binary_sensor"
"light.cast_screen","unavailable","light"
"media_player.cast","unavailable","media_player"
"sensor.cast_panel","unavailable","sensor"
"sensor.system_monitor_disk_free_media_ha_media","unavailable","sensor"
"sensor.system_monitor_disk_free_share_ha_share","unavailable","sensor"
"sensor.system_monitor_disk_use_media_ha_media","unavailable","sensor"
"sensor.system_monitor_disk_use_share_ha_share","unavailable","sensor"
"sensor.system_monitor_disk_usage_media_ha_media","unavailable","sensor"
"sensor.system_monitor_disk_usage_share_ha_share","unavailable","sensor"
"sensor.fire_hd8_tablet_browser_path","unavailable","sensor"
"sensor.fire_hd8_tablet_browser_visibility","unavailable","sensor"
"sensor.fire_hd8_tablet_browser_useragent","unavailable","sensor"
"sensor.fire_hd8_tablet_browser_user","unavailable","sensor"
"binary_sensor.fire_hd8_tablet_browser_fullykiosk","unavailable","binary_sensor"
"sensor.fire_hd8_tablet_browser_width","unavailable","sensor"
"sensor.fire_hd8_tablet_browser_height","unavailable","sensor"
"binary_sensor.fire_hd8_tablet_browser_dark_mode","unavailable","binary_sensor"
"binary_sensor.fire_hd8_tablet","unavailable","binary_sensor"
"light.fire_hd8_tablet_screen","unavailable","light"
"media_player.fire_hd8_tablet_2","unavailable","media_player"
"sensor.fire_hd8_tablet_panel","unavailable","sensor"
"sensor.browser_mod_6b111e6b_a208cb3e_browser_path","unavailable","sensor"
"sensor.browser_mod_6b111e6b_a208cb3e_browser_visibility","unavailable","sensor"
"sensor.browser_mod_6b111e6b_a208cb3e_browser_useragent","unavailable","sensor"
"sensor.browser_mod_6b111e6b_a208cb3e_browser_user","unavailable","sensor"
"binary_sensor.browser_mod_6b111e6b_a208cb3e_browser_fullykiosk","unavailable","binary_sensor"
"sensor.browser_mod_6b111e6b_a208cb3e_browser_width","unavailable","sensor"
"sensor.browser_mod_6b111e6b_a208cb3e_browser_height","unavailable","sensor"
"binary_sensor.browser_mod_6b111e6b_a208cb3e_browser_dark_mode","unavailable","binary_sensor"
"binary_sensor.browser_mod_6b111e6b_a208cb3e","unavailable","binary_sensor"
"light.browser_mod_6b111e6b_a208cb3e_screen","unavailable","light"
"media_player.browser_mod_6b111e6b_a208cb3e","unavailable","media_player"
"sensor.browser_mod_6b111e6b_a208cb3e_panel","unavailable","sensor"
"sensor.browser_plop_browser_path","unavailable","sensor"
"sensor.browser_plop_browser_visibility","unavailable","sensor"
"sensor.browser_plop_browser_useragent","unavailable","sensor"
"sensor.browser_plop_browser_user","unavailable","sensor"
"binary_sensor.browser_plop_browser_fullykiosk","unavailable","binary_sensor"
"sensor.browser_plop_browser_width","unavailable","sensor"
"sensor.browser_plop_browser_height","unavailable","sensor"
"binary_sensor.browser_plop_browser_dark_mode","unavailable","binary_sensor"
"binary_sensor.browser_plop","unavailable","binary_sensor"
"light.browser_plop_screen","unavailable","light"
"media_player.browser_plop","unavailable","media_player"
"sensor.browser_plop_panel","unavailable","sensor"
"automation.teddy_belt_level_up","unavailable","automation"
"automation.add_karate_belt_badge","unavailable","automation"
"automation.automation_2","unavailable","automation"
"automation.zigbee_motion_light_control","unavailable","automation"
"sensor.browser_mod_80d2172a_57041715_browser_path","unavailable","sensor"
"sensor.browser_mod_80d2172a_57041715_browser_visibility","unavailable","sensor"
"sensor.browser_mod_80d2172a_57041715_browser_useragent","unavailable","sensor"
"sensor.browser_mod_80d2172a_57041715_browser_user","unavailable","sensor"
"binary_sensor.browser_mod_80d2172a_57041715_browser_fullykiosk","unavailable","binary_sensor"
"sensor.browser_mod_80d2172a_57041715_browser_width","unavailable","sensor"
"sensor.browser_mod_80d2172a_57041715_browser_height","unavailable","sensor"
"binary_sensor.browser_mod_80d2172a_57041715_browser_dark_mode","unavailable","binary_sensor"
"binary_sensor.browser_mod_80d2172a_57041715","unavailable","binary_sensor"
"light.browser_mod_80d2172a_57041715_screen","unavailable","light"
"media_player.browser_mod_80d2172a_57041715","unavailable","media_player"
"sensor.browser_mod_80d2172a_57041715_panel","unavailable","sensor"
"sensor.browser_mod_2945565d_4985da6e_browser_path","unavailable","sensor"
"sensor.browser_mod_2945565d_4985da6e_browser_visibility","unavailable","sensor"
"sensor.browser_mod_2945565d_4985da6e_browser_useragent","unavailable","sensor"
"sensor.browser_mod_2945565d_4985da6e_browser_user","unavailable","sensor"
"binary_sensor.browser_mod_2945565d_4985da6e_browser_fullykiosk","unavailable","binary_sensor"
"sensor.browser_mod_2945565d_4985da6e_browser_width","unavailable","sensor"
"sensor.browser_mod_2945565d_4985da6e_browser_height","unavailable","sensor"
"binary_sensor.browser_mod_2945565d_4985da6e_browser_dark_mode","unavailable","binary_sensor"
"binary_sensor.browser_mod_2945565d_4985da6e","unavailable","binary_sensor"
"light.browser_mod_2945565d_4985da6e_screen","unavailable","light"
"media_player.browser_mod_2945565d_4985da6e","unavailable","media_player"
"sensor.browser_mod_2945565d_4985da6e_panel","unavailable","sensor"
"sensor.browser_mod_f6ade233_d234bc60_browser_path","unavailable","sensor"
"sensor.browser_mod_f6ade233_d234bc60_browser_visibility","unavailable","sensor"
"sensor.browser_mod_f6ade233_d234bc60_browser_useragent","unavailable","sensor"
"sensor.browser_mod_f6ade233_d234bc60_browser_user","unavailable","sensor"
"binary_sensor.browser_mod_f6ade233_d234bc60_browser_fullykiosk","unavailable","binary_sensor"
"sensor.browser_mod_f6ade233_d234bc60_browser_width","unavailable","sensor"
"sensor.browser_mod_f6ade233_d234bc60_browser_height","unavailable","sensor"
"binary_sensor.browser_mod_f6ade233_d234bc60_browser_dark_mode","unavailable","binary_sensor"
"binary_sensor.browser_mod_f6ade233_d234bc60","unavailable","binary_sensor"
"light.browser_mod_f6ade233_d234bc60_screen","unavailable","light"
"media_player.browser_mod_f6ade233_d234bc60","unavailable","media_player"
"sensor.browser_mod_f6ade233_d234bc60_panel","unavailable","sensor"
"sensor.browser_mod_9e9c9e8b_19b47d4c_browser_path","unavailable","sensor"
"sensor.browser_mod_9e9c9e8b_19b47d4c_browser_visibility","unavailable","sensor"
"sensor.browser_mod_9e9c9e8b_19b47d4c_browser_useragent","unavailable","sensor"
"sensor.browser_mod_9e9c9e8b_19b47d4c_browser_user","unavailable","sensor"
"binary_sensor.browser_mod_9e9c9e8b_19b47d4c_browser_fullykiosk","unavailable","binary_sensor"
"sensor.browser_mod_9e9c9e8b_19b47d4c_browser_width","unavailable","sensor"
"sensor.browser_mod_9e9c9e8b_19b47d4c_browser_height","unavailable","sensor"
"binary_sensor.browser_mod_9e9c9e8b_19b47d4c_browser_dark_mode","unavailable","binary_sensor"
"binary_sensor.browser_mod_9e9c9e8b_19b47d4c","unavailable","binary_sensor"
"light.browser_mod_9e9c9e8b_19b47d4c_screen","unavailable","light"
"media_player.browser_mod_9e9c9e8b_19b47d4c","unavailable","media_player"
"sensor.browser_mod_9e9c9e8b_19b47d4c_panel","unavailable","sensor"
"automation.reset_media_player_volume_after_playback_2","unavailable","automation"
"automation.reset_media_player_volume_after_playback_3","unavailable","automation"
"switch.tv_lounge_tv","unavailable","switch"
"automation.ha_control_evening_mode","unavailable","automation"
"automation.ha_control_rainy_weather_mode","unavailable","automation"
"automation.ha_control_when_home","unavailable","automation"
"switch.tv_bedroom_tv","unavailable","switch"
"sensor.browser_mod_06868f4a_f864fac4_browser_path","unavailable","sensor"
"sensor.browser_mod_06868f4a_f864fac4_browser_visibility","unavailable","sensor"
"sensor.browser_mod_06868f4a_f864fac4_browser_useragent","unavailable","sensor"
"sensor.browser_mod_06868f4a_f864fac4_browser_user","unavailable","sensor"
"binary_sensor.browser_mod_06868f4a_f864fac4_browser_fullykiosk","unavailable","binary_sensor"
"sensor.browser_mod_06868f4a_f864fac4_browser_width","unavailable","sensor"
"sensor.browser_mod_06868f4a_f864fac4_browser_height","unavailable","sensor"
"binary_sensor.browser_mod_06868f4a_f864fac4_browser_dark_mode","unavailable","binary_sensor"
"binary_sensor.browser_mod_06868f4a_f864fac4","unavailable","binary_sensor"
"light.browser_mod_06868f4a_f864fac4_screen","unavailable","light"
"media_player.browser_mod_06868f4a_f864fac4","unavailable","media_player"
"sensor.browser_mod_06868f4a_f864fac4_panel","unavailable","sensor"
"automation.red_arrows_watch","unavailable","automation"
"automation.j_home","unavailable","automation"
"automation.s_home","unavailable","automation"
"automation.aircraft_noise_detection_lounge_vibration","unavailable","automation"
"automation.log_aircraft_entry","unavailable","automation"
"automation.sync_media_player_selector","unavailable","automation"
"automation.fix_sheet_timestamp","unavailable","automation"
"sensor.aircraft_data","unavailable","sensor"
"sensor.lowest_aircraft_altitude","unavailable","sensor"
"sensor.chatgpt_query_run_count","unavailable","sensor"
"sensor.gpt_last_context_update","unavailable","sensor"
"sensor.invalid_entities_summary","unavailable","sensor"
"sensor.yaml_validation_status","unavailable","sensor"
"sensor.gpt_status","unavailable","sensor"
"sensor.gpt_last_prompt","unavailable","sensor"
"sensor.gpt_context_file","unavailable","sensor"
"sensor.gpt_prompt_log","unavailable","sensor"
"sensor.device_map_status","unavailable","sensor"
"sensor.device_sync_health","unavailable","sensor"
"sensor.device_orphaned_count","unavailable","sensor"
"sensor.dashboard_enabled","unavailable","sensor"
"sensor.dashboard_slug","unavailable","sensor"
"sensor.dashboard_theme","unavailable","sensor"
"sensor.dashboard_stability","unavailable","sensor"
"sensor.dashboard_urls","unavailable","sensor"
"sensor.unexposed_entities_alexa_google","unavailable","sensor"
"sensor.flight_status","unavailable","sensor"
"binary_sensor.tapo_c120_pet_detection","unavailable","binary_sensor"
"switch.192_168_1_126_sonos_play_1_rincon_7828ca98b11c","unavailable","switch"
"switch.192_168_1_166_sonos_sub_rincon_949f3ea55da8014","unavailable","switch"
"switch.xboxone_2","unavailable","switch"
"media_player.lounge_xbox","unavailable","media_player"
"remote.lounge_xbox_remote","unavailable","remote"
"automation.office_light_on_when_occupied","unavailable","automation"
"automation.ads_b_feed_heartbeat","unavailable","automation"
"automation.log_ads_b_emergency","unavailable","automation"
"automation.flash_lamp_for_low_aircraft","unavailable","automation"
"automation.hall_light_on_when_all_others_are_off_at_night","unavailable","automation"
"automation.update_notion_icon_when_hall_light_turns_off","unavailable","automation"
"automation.office_light_on_when_occupied_2","unavailable","automation"
"automation.office_light_off_after_no_motion","unavailable","automation"
"sensor.jd_pc_browser_id","unavailable","sensor"
"sensor.browser_mod_9e9c9e8b_19b47d4c_browser_id","unavailable","sensor"
"sensor.browser_mod_06868f4a_f864fac4_browser_id","unavailable","sensor"
"switch.bedroom_3","unavailable","switch"
"switch.lounge_2","unavailable","switch"
"sensor.njet_ads_b_status","unavailable","sensor"
"sensor.njet_ads_b_data","unavailable","sensor"
"binary_sensor.swapped3843","unavailable","binary_sensor"
"binary_sensor.swapped3843_in_party","unavailable","binary_sensor"
"binary_sensor.swapped3843_in_game","unavailable","binary_sensor"
"binary_sensor.swapped3843_in_multiplayer","unavailable","binary_sensor"
"binary_sensor.cryingful","unavailable","binary_sensor"
"binary_sensor.cryingful_in_party","unavailable","binary_sensor"
"binary_sensor.cryingful_in_game","unavailable","binary_sensor"
"binary_sensor.cryingful_in_multiplayer","unavailable","binary_sensor"
"sensor.swapped3843_status","unavailable","sensor"
"sensor.swapped3843_gamer_score","unavailable","sensor"
"sensor.swapped3843_account_tier","unavailable","sensor"
"sensor.swapped3843_gold_tenure","unavailable","sensor"
"sensor.cryingful_status","unavailable","sensor"
"sensor.cryingful_gamer_score","unavailable","sensor"
"sensor.cryingful_account_tier","unavailable","sensor"
"sensor.cryingful_gold_tenure","unavailable","sensor"
"media_player.tv_lounge_tv_2","unavailable","media_player"
"switch.192_168_1_245_sonos_play_1_rincon_347e5c407992","unavailable","switch"
"switch.192_168_1_202_sonos_play_1_rincon_7828ca989f5e","unavailable","switch"
"sensor.g_cgkg_in_radius_zone_home","unavailable","sensor"
"automation.office_light_on_when_occupied_3","unavailable","automation"
"automation.office_light_off_after_no_motion_2","unavailable","automation"
"device_tracker.s0d7f6f63d39eb182c_875d","unavailable","device_tracker"
"sensor.s0d7f6f63d39eb182c_875d_estimated_distance","unavailable","sensor"
"counter.frontend_errors","unavailable","counter"
"sensor.fire_hd8_tablet_browser_id","unavailable","sensor"
"media_player.192_168_1_253_sonos_playbar_rincon_347e5c714f6","unavailable","media_player"
"switch.192_168_1_253_sonos_playbar_rincon_347e5c714f6","unavailable","switch"
"sensor.browser_mod_258cbb14_df4602fc_browser_id","unavailable","sensor"
"sensor.browser_mod_258cbb14_df4602fc_browser_path","unavailable","sensor"
"sensor.browser_mod_258cbb14_df4602fc_browser_visibility","unavailable","sensor"
"sensor.browser_mod_258cbb14_df4602fc_browser_useragent","unavailable","sensor"
"sensor.browser_mod_258cbb14_df4602fc_browser_user","unavailable","sensor"
"binary_sensor.browser_mod_258cbb14_df4602fc_browser_fullykiosk","unavailable","binary_sensor"
"sensor.browser_mod_258cbb14_df4602fc_browser_width","unavailable","sensor"
"sensor.browser_mod_258cbb14_df4602fc_browser_height","unavailable","sensor"
"binary_sensor.browser_mod_258cbb14_df4602fc_browser_dark_mode","unavailable","binary_sensor"
"binary_sensor.browser_mod_258cbb14_df4602fc","unavailable","binary_sensor"
"light.browser_mod_258cbb14_df4602fc_screen","unavailable","light"
"media_player.browser_mod_258cbb14_df4602fc","unavailable","media_player"
"sensor.browser_mod_258cbb14_df4602fc_panel","unavailable","sensor"
"sensor.browser_mod_258cbb14_df4602fc_browser_battery","unavailable","sensor"
"binary_sensor.browser_mod_258cbb14_df4602fc_browser_charging","unavailable","binary_sensor"
"sensor.2_clrk_in_radius_zone_home","unavailable","sensor"
